{"x": -7.939827366946314, "y": 4.998061107204654, "gx": -14.0, "gy": 1.6}