{"x": 1.157156403874069, "y": 3.280344721059123, "gx": 1.3, "gy": 1.7}