{"x": -10.282406912576612, "y": 3.9852871401042225, "gx": -14.0, "gy": 3.8}