{"x": -10.026152638155024, "y": 1.538542165910173, "gx": -14.0, "gy": 3.8}